{"cameraMode":{"drawMode":0,"name":"Shaded","section":"Shading Mode"},"sceneLighting":false,"audioPlay":false,"sceneViewState":{"showFog":true,"showMaterialUpdate":false,"showSkybox":false,"showFlares":true,"showImageEffects":true,"showParticleSystems":true},"in2DMode":false,"pivot":{"x":6.324004173278809,"y":0.7512780427932739,"z":0.0},"rotation":{"x":-0.25544747710227969,"y":-0.0023246370255947115,"z":0.0006146267987787724,"w":-0.9668200016021729},"size":4.952691555023193,"orthographic":false}