{"cameraMode":{"drawMode":0,"name":"Shaded","section":"Shading Mode"},"sceneLighting":true,"audioPlay":false,"sceneViewState":{"showFog":true,"showMaterialUpdate":false,"showSkybox":false,"showFlares":true,"showImageEffects":true,"showParticleSystems":true},"in2DMode":false,"pivot":{"x":0.0,"y":0.6209999322891235,"z":0.08899974822998047},"rotation":{"x":-0.25544747710227969,"y":-0.0023246370255947115,"z":0.0006146267987787724,"w":-0.9668200016021729},"size":29.018640518188478,"orthographic":false}